"id","name","birthday","email"
4,"Bevin Jerzyk","2019-04-17","bjerzyk0@oracle.com"
5,"Elke Shurrocks","2018-11-06","eshurrocks1@taobao.com"
6,"Pietra Largan","2005-05-31","plargan2@chronoengine.com"
8,"Updated Name","1996-12-18","lboddice4@tuttocitta.it"
9,"Woody Mangham","2010-11-14","wmangham5@mozilla.com"
10,"Updated Name","1998-10-21","ohoulden6@va.gov"
11,"Doralin Strathe","2016-07-16","dstrathe7@imdb.com"
12,"Updated Name","1996-06-08","prolingson8@chicagotribune.com"
13,"Maryanne Cambden","1999-10-31","mcambden9@nasa.gov"
14,"Floyd Reddlesden","2011-06-25","freddlesdena@shinystat.com"
15,"Updated Name","1995-07-22","lmarusikb@upenn.edu"
16,"Updated Name","1997-03-09","hworgenc@yahoo.co.jp"
17,"Christie Maskew","2012-10-31","cmaskewd@sina.com.cn"
18,"Dale Kauschke","2024-07-05","dkauschkee@infoseek.co.jp"
19,"Salomo Alldread","2019-04-28","salldreadf@uiuc.edu"
20,"Roderick Najara","2022-08-08","rnajarag@dyndns.org"
21,"Hildegarde Browse","2023-05-11","hbrowseh@twitpic.com"
23,"Updated Name","1996-09-30","cebblesj@cbslocal.com"
24,"Updated Name","1998-09-29","hcowmeadowk@zdnet.com"
25,"Eadmund Bunny","2013-05-28","ebunnyl@com.com"
26,"Alix Matteo","2007-11-29","amatteom@digg.com"
27,"Kurt Vizard","2014-05-29","kvizardn@themeforest.net"
28,"Gerty Bravington","2011-06-06","gbravingtono@bing.com"
29,"Ruperta McVity","2020-05-25","rmcvityp@amazonaws.com"
30,"Daffi Joris","2006-06-19","djorisq@acquirethisname.com"
31,"Durant Lynthal","2022-01-07","dlynthalr@sourceforge.net"
32,"Tad Birkby","2018-04-21","tbirkbys@ucoz.com"
33,"Stefano Kestle","2005-08-29","skestlet@acquirethisname.com"
34,"Kalle Bruni","2024-05-09","kbruniu@wufoo.com"
35,"Grier O'Neil","2011-01-07","goneilv@livejournal.com"
37,"Jolee Inns","2024-02-06","jinnsx@ucla.edu"
39,"Constantine MacSweeney","2014-01-05","cmacsweeneyz@huffingtonpost.com"
40,"Updated Name","1997-03-11","fdawnay10@youtube.com"
41,"Zach Gillam","2009-10-24","zgillam11@mozilla.com"
42,"Caria Crellim","2002-04-08","ccrellim12@wunderground.com"
43,"Hoebart Smalecombe","2007-07-21","hsmalecombe13@4shared.com"
44,"Maryl Coulbeck","2019-01-28","mcoulbeck14@comsenz.com"
45,"Ketty Truscott","2016-11-22","ktruscott15@ning.com"
46,"Nina Giacovelli","2014-10-15","ngiacovelli16@deviantart.com"
47,"Heidie Camilli","2020-10-25","hcamilli17@wikia.com"
48,"Armando Rigmond","2012-10-21","arigmond18@dailymail.co.uk"
49,"Updated Name","1995-09-22","mpattenden19@xinhuanet.com"
50,"Kimbell McQuorkel","1999-01-15","kmcquorkel1a@t-online.de"
